{
  "project_info": {
    "project_number": "166640748499",
    "firebase_url": "https://provrest-7684c.firebaseio.com",
    "project_id": "provrest-7684c",
    "storage_bucket": "provrest-7684c.appspot.com"
  },
  "client": [
    {
      "client_info": {
        "mobilesdk_app_id": "1:166640748499:android:fa940d0f0655e2bc",
        "android_client_info": {
          "package_name": "com.example.provrest"
        }
      },
      "oauth_client": [
        {
          "client_id": "166640748499-320bvo2c2pcmv3c3l2vkisjbdc76moeg.apps.googleusercontent.com",
          "client_type": 1,
          "android_info": {
            "package_name": "com.example.provrest",
            "certificate_hash": "d48502b0f4776796dd1a65d8f60d49910243c076"
          }
        },
        {
          "client_id": "166640748499-ld138bneg451oeji9kpckse697ljl1e2.apps.googleusercontent.com",
          "client_type": 3
        }
      ],
      "api_key": [
        {
          "current_key": "AIzaSyB0mJCm-ua5V_iBL4I__BkIF5L4U6eNMy4"
        }
      ],
      "services": {
        "analytics_service": {
          "status": 1
        },
        "appinvite_service": {
          "status": 2,
          "other_platform_oauth_client": [
            {
              "client_id": "166640748499-ld138bneg451oeji9kpckse697ljl1e2.apps.googleusercontent.com",
              "client_type": 3
            }
          ]
        },
        "ads_service": {
          "status": 2
        }
      }
    }
  ],
  "configuration_version": "1"
}